[
    {
      "id": "2405-002",
      "inquiryType": "계정",
      "title": "test title",
      "createdAt": "2024-07-07 20:00",
      "viewCount": 6
    },
    {
      "id": "2405-003",
      "inquiryType": "폐기물 재활용 가능성 확인 요청",
      "createdAt": "2024-05-03",
      "name": "작성자명3",
      "viewCount": 6
    },
    {
      "id": "2405-005",
      "inquiryType": "폐기물 처리 비용 문의",
      "createdAt": "2024-05-05",
      "viewCount": 6
    },
    {
      "id": "2405-006",
      "inquiryType": "폐기물 처리 방법에 대한 상세 설명 요청",
      "createdAt": "2024-05-06",
      "viewCount": 6
    },
    {
      "id": "2405-007",
      "inquiryType": "폐기물 처리 관련 인증 문의",
      "createdAt": "2024-05-07",
      "viewCount": 6
    },
    {
      "id": "2405-008",
      "inquiryType": "폐기물 처리 관련 기술 문의",
      "createdAt": "2024-05-08",
      "viewCount": 6
    },
    {
      "id": "2405-009",
      "inquiryType": "폐기물 처리 방법 비교 문의",
      "createdAt": "2024-05-09",
      "viewCount": 64
    },
    {
      "id": "2405-010",
      "inquiryType": "폐기물 처리 관련 자문 요청",
      "createdAt": "2024-05-10",
      "viewCount": 6
    },
    {
      "id": "2405-011",
      "inquiryType": "폐기물 처리 시설 검토 요청",
      "createdAt": "2024-05-11",
      "viewCount": 26
    },
    {
      "id": "2405-012",
      "inquiryType": "폐기물 처리 관련 자료 제공 요청",
      "createdAt": "2024-05-12",
      "viewCount": 46
    },
    {
      "id": "2405-013",
      "inquiryType": "폐기물 처리 시간 문의",
      "createdAt": "2024-05-13",
      "viewCount": 6
    },
    {
      "id": "2405-014",
      "inquiryType": "폐기물 처리 방법 변경 요청",
      "createdAt": "2024-05-14",
      "viewCount": 61
    },
    {
      "id": "2405-015",
      "inquiryType": "폐기물 처리 관련 허가 문의",
      "createdAt": "2024-05-15",
      "viewCount": 6
    },
    {
      "id": "2405-016",
      "inquiryType": "폐기물 처리 장소 추천 요청",
      "createdAt": "2024-05-16",
      "viewCount": 6
    },
    {
      "id": "2405-020",
      "inquiryType": "폐기물 처리 관련 책임자 연락 요청",
      "createdAt": "2024-05-20",
      "viewCount": 62
    },
    {
      "id": "2405-021",
      "inquiryType": "폐기물 처리 후속 조치 방안 제안",
      "createdAt": "2024-05-21",
      "viewCount": 64
    }
  ]