[
    {"no": "123-45-6789", "name": "심창기업㈜", "link": "#"},
    {"no": "234-56-7890", "name": "평아실업㈜", "link": "#"},
    {"no": "345-67-8901", "name": "대승기업㈜", "link": "#"},
    {"no": "456-78-9012", "name": "동보환경㈜", "link": "#"},
    {"no": "567-89-0123", "name": "하경기업㈜", "link": "#"},
    {"no": "678-90-1234", "name": "씨제이대한통운㈜", "link": "#"},
    {"no": "789-01-2345", "name": "거구실업", "link": "#"},
    {"no": "890-12-3456", "name": "무한기업㈜", "link": "#"},
    {"no": "901-23-4567", "name": "대영상사", "link": "#"},
    {"no": "012-34-5678", "name": "롯데글로벌로지스㈜", "link": "#"},
    {"no": "123-45-6789", "name": "수도환경㈜", "link": "#"},
    {"no": "234-56-7890", "name": "㈜엠앤에코", "link": "#"},
    {"no": "345-67-8901", "name": "㈜민영주택", "link": "#"},
    {"no": "456-78-9012", "name": "삼익물류㈜", "link": "#"}
]
