[
    {
        "name": "김철수",
        "username": "chulsoo@example.com",
        "password": "password123",
        "phoneNumber": "010-1234-5678"
    },
    {
        "name": "이영희",
        "username": "younghee@example.com",
        "password": "mypassword",
        "phoneNumber": "010-2345-6789"
    },
    {
        "name": "박민수",
        "username": "minsoo@example.com",
        "password": "secretpass",
        "phoneNumber": "010-3456-7890"
    },
    {
        "name": "최수정",
        "username": "soojung@example.com",
        "password": "password456",
        "phoneNumber": "010-4567-8901"
    },
    {
        "name": "장민호",
        "username": "minho@example.com",
        "password": "mypassword789",
        "phoneNumber": "010-5678-9012"
    }
]
