[
    {"no": "20240101-1001", "company": "알파 주식회사", "username": "김철수", "date": "2024-01-01"},
    {"no": "20240102-1002", "company": "베타 주식회사", "username": "이영희", "date": "2024-01-02"},
    {"no": "20240103-1003", "company": "감마 주식회사", "username": "박준호", "date": "2024-01-03"},
    {"no": "20240104-1004", "company": "델타 유한회사", "username": "최지은", "date": "2024-01-04"},
    {"no": "20240105-1005", "company": "입실론 유한회사", "username": "손민수", "date": "2024-01-05"},
    {"no": "20240106-1006", "company": "제타 주식회사", "username": "홍길동", "date": "2024-01-06"},
    {"no": "20240107-1007", "company": "에타 주식회사", "username": "박영수", "date": "2024-01-07"},
    {"no": "20240108-1008", "company": "세타 유한회사", "username": "이민지", "date": "2024-01-08"},
    {"no": "20240109-1009", "company": "이오타 주식회사", "username": "김하늘", "date": "2024-01-09"},
    {"no": "20240110-1010", "company": "카파 주식회사", "username": "정지훈", "date": "2024-01-10"},
    {"no": "20240111-1011", "company": "람다 유한회사", "username": "서민호", "date": "2024-01-11"},
    {"no": "20240112-1012", "company": "뮤 주식회사", "username": "한지민", "date": "2024-01-12"},
    {"no": "20240113-1013", "company": "누 주식회사", "username": "강철수", "date": "2024-01-13"},
    {"no": "20240114-1014", "company": "크시 유한회사", "username": "이도현", "date": "2024-01-14"},
    {"no": "20240115-1015", "company": "오미크론 주식회사", "username": "김혜진", "date": "2024-01-15"},
    {"no": "20240116-1016", "company": "파이 주식회사", "username": "최정호", "date": "2024-01-16"},
    {"no": "20240117-1017", "company": "로 주식회사", "username": "조민수", "date": "2024-01-17"},
    {"no": "20240118-1018", "company": "시그마 유한회사", "username": "이수진", "date": "2024-01-18"},
    {"no": "20240119-1019", "company": "타우 주식회사", "username": "박지훈", "date": "2024-01-19"},
    {"no": "20240120-1020", "company": "업실론 주식회사", "username": "정하늘", "date": "2024-01-20"},
    {"no": "20240121-1021", "company": "피 유한회사", "username": "김민재", "date": "2024-01-21"},
    {"no": "20240122-1022", "company": "치 주식회사", "username": "박서연", "date": "2024-01-22"},
    {"no": "20240123-1023", "company": "프시 주식회사", "username": "이재훈", "date": "2024-01-23"},
    {"no": "20240124-1024", "company": "오메가 유한회사", "username": "최은지", "date": "2024-01-24"},
    {"no": "20240125-1025", "company": "알파베타 주식회사", "username": "김영호", "date": "2024-01-25"},
    {"no": "20240126-1026", "company": "베타감마 주식회사", "username": "서지수", "date": "2024-01-26"},
    {"no": "20240127-1027", "company": "감마델타 유한회사", "username": "박준석", "date": "2024-01-27"},
    {"no": "20240128-1028", "company": "델타입실론 주식회사", "username": "이현우", "date": "2024-01-28"},
    {"no": "20240129-1029", "company": "입실론제타 주식회사", "username": "정수민", "date": "2024-01-29"},
    {"no": "20240130-1030", "company": "제타에타 유한회사", "username": "한유진", "date": "2024-01-30"},
    {"no": "20240131-1031", "company": "에타세타 주식회사", "username": "김주원", "date": "2024-01-31"},
    {"no": "20240201-1032", "company": "세타이오타 주식회사", "username": "박지수", "date": "2024-02-01"},
    {"no": "20240202-1033", "company": "이오타카파 유한회사", "username": "최유리", "date": "2024-02-02"},
    {"no": "20240203-1034", "company": "카파람다 주식회사", "username": "정예원", "date": "2024-02-03"},
    {"no": "20240204-1035", "company": "람다뮤 주식회사", "username": "서현준", "date": "2024-02-04"},
    {"no": "20240205-1036", "company": "뮤누 유한회사", "username": "이정민", "date": "2024-02-05"},
    {"no": "20240206-1037", "company": "누크시 주식회사", "username": "김하나", "date": "2024-02-06"},
    {"no": "20240207-1038", "company": "크시오미크론 주식회사", "username": "박시은", "date": "2024-02-07"},
    {"no": "20240208-1039", "company": "오미크론파이 유한회사", "username": "최은호", "date": "2024-02-08"},
    {"no": "20240209-1040", "company": "파이로 주식회사", "username": "정재현", "date": "2024-02-09"}
]
